text,label
מסעדה כשרה בפריז,restaurant
איפה יש מסעדה כשרה בלונדון,restaurant
מחפש מסעדה בשרית מהדרין בניו יורק,restaurant
kosher restaurant in bangkok,restaurant
מסעדה חלבית בתל אביב,restaurant
יש מסעדה כשרה באמסטרדם,restaurant
אוכל כשר בברלין,restaurant
where can i eat kosher in paris,restaurant
מסעדה כשרה למהדרין בפוקט,restaurant
מחפש מקום לאכול כשר בפראג,restaurant
kosher food in new york,restaurant
מסעדה ים תיכונית כשרה בברצלונה,restaurant
מחפש פיצה כשרה בלונדון,restaurant
is there kosher food in tokyo,restaurant
אוכל כשר בבודפשט,restaurant
מסעדה איטלקית כשרה בניו יורק,restaurant
כשר בסינגפור,restaurant
מסעדה כשרה בקרקוב,restaurant
חפש לי מסעדה כשרה,restaurant
מסעדת שבת בפריז,restaurant
kosher pizza in rome,restaurant
מסעדה חלבית מהדרין בירושלים,restaurant
אוכל כשר בדובאי,restaurant
glatt kosher in miami,restaurant
מסעדה כשרה בווינה,restaurant
יש כשר בפראג,restaurant
מחפש מקום לאכול בשבת בלוס אנגלס,restaurant
kosher sushi in london,restaurant
מסעדה מרוקאית כשרה בפריז,restaurant
רוצה לאכול כשר בתאילנד,restaurant
מסעדה כשרה בריו,restaurant
kosher meat restaurant amsterdam,restaurant
כשר בדובלין,restaurant
מסעדה כשרה בטורונטו,restaurant
מחפש מסעדה כשרה לשבת,restaurant
אוכל כשר בסידני,restaurant
kosher restaurant berlin,restaurant
מסעדה חלבית כשרה בניו יורק,restaurant
בשרי כשר בפריז,restaurant
kosher food bangkok,restaurant
מסעדה כשרה בקופנהגן,restaurant
מחפש מסעדה עם הכשר מהדרין,restaurant
kosher restaurant in dubai,restaurant
אכילה כשרה בחול,restaurant
מסעדה כשרה בבוקרשט,restaurant
כשר בוורשה,restaurant
מחפש מקום כשר לאכול בלילה,restaurant
מסעדה ישראלית כשרה בברלין,restaurant
kosher hamburger new york,restaurant
אוכל כשר בסאו פאולו,restaurant
מסעדה כשרה בזגרב,restaurant
יש מסעדה כשרה בקייב,restaurant
kosher food in paris,restaurant
מסעדה כשרה באמסטרדם,restaurant
מסעדה כשרה בוולנסיה,restaurant
כשר באתונה,restaurant
אני רעב ומחפש כשר,restaurant
מסעדה בשרית בלונדון כשרה,restaurant
kosher chinese food,restaurant
מחפש מסעדה חלבית כשרה,restaurant
מסעדה כשרה בפולין,restaurant
כשר בהונגריה,restaurant
מסעדה טבעונית כשרה,restaurant
אוכל כשר בחופשה,restaurant
מסעדה כשרה בקיוטו,restaurant
kosher in stockholm,restaurant
מחפש אוכל כשר בנסיעה,restaurant
מסעדה כשרה בליסבון,restaurant
כשר בסלוניקי,restaurant
מסעדה כשרה בגנבה,restaurant
kosher food oslo,restaurant
מחפש מסעדה כשרה מומלצת,restaurant
אוכל כשר בפינלנד,restaurant
מסעדה כשרה בזיריך,restaurant
בית כנסת בפריז,synagogue
איפה יש בית כנסת בלונדון,synagogue
מחפש בית כנסת ספרדי בניו יורק,synagogue
synagogue in bangkok,synagogue
בית כנסת אשכנזי בתל אביב,synagogue
יש בית כנסת באמסטרדם,synagogue
שול בברלין,synagogue
where is the synagogue in paris,synagogue
בית כנסת בפוקט,synagogue
מחפש בית כנסת בפראג,synagogue
synagogue in new york,synagogue
בית תפילה בברצלונה,synagogue
מחפש שול בלונדון,synagogue
is there a synagogue in tokyo,synagogue
בית כנסת בבודפשט,synagogue
בית כנסת חסידי בניו יורק,synagogue
synagogue singapore,synagogue
בית כנסת בקרקוב,synagogue
חפש לי בית כנסת,synagogue
בית כנסת ספרדי בפריז,synagogue
orthodox synagogue in rome,synagogue
בית כנסת חבד בירושלים,synagogue
בית כנסת בדובאי,synagogue
synagogue in miami,synagogue
בית כנסת בווינה,synagogue
יש בית כנסת בפראג,synagogue
בית כנסת בלוס אנגלס,synagogue
chabad synagogue in london,synagogue
בית כנסת גדול בפריז,synagogue
מחפש בית כנסת בתאילנד,synagogue
בית כנסת בריו,synagogue
synagogue amsterdam,synagogue
בית כנסת בדובלין,synagogue
בית כנסת בטורונטו,synagogue
מחפש בית כנסת ליד המלון,synagogue
בית כנסת בסידני,synagogue
synagogue berlin,synagogue
בית כנסת ספרדי בניו יורק,synagogue
בית תפילה בפריז,synagogue
synagogue in bangkok area,synagogue
בית כנסת בקופנהגן,synagogue
מחפש בית כנסת קרוב,synagogue
synagogue in dubai,synagogue
בית כנסת בבוקרשט,synagogue
שול בוורשה,synagogue
בית כנסת לתפילה,synagogue
בית כנסת ישראלי בברלין,synagogue
synagogue new york orthodox,synagogue
בית כנסת בסאו פאולו,synagogue
בית כנסת בזגרב,synagogue
יש בית כנסת בקייב,synagogue
synagogue paris marais,synagogue
בית כנסת ספרדי באמסטרדם,synagogue
בית כנסת בוולנסיה,synagogue
בית כנסת באתונה,synagogue
מחפש בית כנסת לתפילה,synagogue
בית כנסת אשכנזי בלונדון,synagogue
synagogue china,synagogue
מחפש בית כנסת להתפלל,synagogue
בית כנסת בפולין,synagogue
בית כנסת בהונגריה,synagogue
בית כנסת יפה,synagogue
בית כנסת לשבת,synagogue
בית כנסת בקיוטו,synagogue
synagogue in stockholm,synagogue
מחפש מקום להתפלל,synagogue
בית כנסת בליסבון,synagogue
בית כנסת בסלוניקי,synagogue
בית כנסת בגנבה,synagogue
synagogue oslo,synagogue
מחפש בית כנסת מומלץ,synagogue
בית כנסת בפינלנד,synagogue
בית כנסת בזיריך,synagogue
מניין שחרית בפריז,minyan
איפה יש מניין בלונדון,minyan
מחפש מניין מנחה בניו יורק,minyan
minyan in bangkok,minyan
מניין מעריב בתל אביב,minyan
יש מניין באמסטרדם,minyan
מניין בברלין מחר,minyan
where can i find a minyan in paris,minyan
מניין בפוקט,minyan
מחפש מניין בפראג,minyan
minyan in new york,minyan
מניין שחרית בבוקר בברצלונה,minyan
מחפש מניין בלונדון,minyan
is there a minyan in tokyo,minyan
מניין בבודפשט,minyan
מניין חסידי בניו יורק,minyan
minyan singapore,minyan
מניין בקרקוב,minyan
חפש לי מניין,minyan
מניין ספרדי בפריז,minyan
orthodox minyan in rome,minyan
מניין חבד בירושלים,minyan
מניין בדובאי,minyan
minyan in miami,minyan
מניין בווינה,minyan
יש מניין בפראג,minyan
מניין בלוס אנגלס בשחרית,minyan
chabad minyan in london,minyan
מניין לשחרית בפריז,minyan
מחפש מניין בתאילנד,minyan
מניין בריו,minyan
minyan amsterdam,minyan
מניין בדובלין,minyan
מניין בטורונטו,minyan
מחפש מניין ליד המלון,minyan
מניין בסידני,minyan
minyan berlin,minyan
מניין ספרדי בניו יורק,minyan
תפילה עם מניין בפריז,minyan
minyan in bangkok,minyan
מניין בקופנהגן,minyan
מחפש מניין קרוב,minyan
minyan in dubai,minyan
מניין בבוקרשט,minyan
מניין בוורשה,minyan
מניין לתפילה,minyan
מניין בברלין,minyan
minyan new york morning,minyan
מניין בסאו פאולו,minyan
מניין בזגרב,minyan
יש מניין בקייב,minyan
minyan paris,minyan
מניין ספרדי באמסטרדם,minyan
מניין בוולנסיה,minyan
מניין באתונה,minyan
מחפש מניין לתפילה,minyan
מניין אשכנזי בלונדון,minyan
morning minyan nearby,minyan
מחפש מניין להתפלל,minyan
מניין בפולין,minyan
מניין בהונגריה,minyan
צריך מניין לאמירת קדיש,minyan
מניין לשבת,minyan
מניין בקיוטו,minyan
minyan in stockholm,minyan
מחפש מניין לבוקר,minyan
מניין בליסבון,minyan
מניין בסלוניקי,minyan
מניין בגנבה,minyan
minyan oslo,minyan
מניין לערבית,minyan
מניין בפינלנד,minyan
מניין בזיריך,minyan
משפחה שמארחת בשבת באמסטרדם,hosting
מחפש אירוח לשבת בלונדון,hosting
יש מי שמארח בניו יורק,hosting
looking for shabbat hosting in bangkok,hosting
מחפש לינה בפריז ליד בית כנסת,hosting
מישהו שמארח בשבת בברלין,hosting
hosting for shabbat in paris,hosting
אירוח לשבת בפוקט,hosting
מחפש מארח בפראג,hosting
shabbat hosting new york,hosting
אירוח לשבת בברצלונה,hosting
מחפש משפחה שמארחת בלונדון,hosting
is there someone hosting for shabbat in tokyo,hosting
אירוח בבודפשט,hosting
חבד שמארח בניו יורק,hosting
shabbat hospitality singapore,hosting
מחפש אירוח בקרקוב,hosting
מארח לשבת בפריז,hosting
shabbat dinner hosting in rome,hosting
מחפש לינה לשבת בירושלים,hosting
אירוח לחג בדובאי,hosting
shabbat hosting miami,hosting
מחפש משפחה יהודית שמארחת בווינה,hosting
יש מארח בפראג,hosting
אירוח לשבת בלוס אנגלס,hosting
chabad hosting london,hosting
מחפש אירוח לשבת בפריז,hosting
מארח בתאילנד לשבת,hosting
shabbat hosting rio,hosting
אירוח שבת באמסטרדם,hosting
מחפש מארח בדובלין,hosting
אירוח לשבת בטורונטו,hosting
מחפש אירוח ליד בית כנסת,hosting
shabbat hosting sydney,hosting
אירוח שבת בברלין,hosting
מחפש משפחה שתארח אותי לשבת,hosting
אירוח לשבת בניו יורק,hosting
מחפש אירוח לחג הפסח,hosting
shabbat hosting bangkok,hosting
אירוח שבת בקופנהגן,hosting
מחפש מארח לשבת,hosting
hosting in dubai for shabbat,hosting
אירוח לשבת בבוקרשט,hosting
שבת אצל משפחה בוורשה,hosting
מחפש אירוח לשבת,hosting
אירוח לשבת בברלין,hosting
shabbat dinner new york,hosting
אירוח לשבת בסאו פאולו,hosting
אירוח שבת בזגרב,hosting
יש מישהו שמארח בקייב,hosting
shabbat hosting paris,hosting
משפחה שמארחת באמסטרדם,hosting
אירוח בוולנסיה לשבת,hosting
מחפש אירוח לשבת באתונה,hosting
אירוח אצל משפחה יהודית בלונדון,hosting
shabbat hosting china,hosting
מחפש אירוח לשבת,hosting
אירוח בפולין לשבת,hosting
אירוח בהונגריה לשבת,hosting
משפחה שמארחת לחג,hosting
אירוח לשבת עם ילדים,hosting
אירוח לשבת בקיוטו,hosting
shabbat hosting stockholm,hosting
מחפש מארח לסעודת שבת,hosting
אירוח בליסבון לשבת,hosting
שבת אצל משפחה בסלוניקי,hosting
אירוח בגנבה לשבת,hosting
shabbat hosting oslo,hosting
מחפש אירוח שבת קרוב,hosting
אירוח בפינלנד לשבת,hosting
שבת אצל משפחה בזיריך,hosting
סטייק בשרי כשר בלונדון,restaurant
שוורמה כשרה בברלין,restaurant
פלאפל כשר בפריז,restaurant
חומוס כשר בניו יורק,restaurant
סושי כשר בטוקיו,restaurant
בורגר גלאט כשר במיאמי,restaurant
פסטה כשרה באיטליה,restaurant
מסעדה עם הכשר בד"ץ,restaurant
מחפש מסעדה חלב ישראל,restaurant
אוכל חלק בחו"ל,restaurant
מסעדה כשרה למהדרין בלוס אנגלס,restaurant
where can i eat glatt kosher,restaurant
kosher steakhouse in new york,restaurant
dairy kosher restaurant london,restaurant
kosher shawarma in berlin,restaurant
best kosher food in paris,restaurant
kosher falafel amsterdam,restaurant
looking for kosher meat restaurant,restaurant
kosher deli in miami,restaurant
kosher breakfast place,restaurant
מחפש מקום לאכול בשרי,restaurant
מסעדה ישראלית כשרה,restaurant
pizza kosher paris,restaurant
kosher noodles in bangkok,restaurant
אוכל כשר טעים בחופשה,restaurant
ארון קודש ספרדי בבית הכנסת,synagogue
עזרת נשים בבית הכנסת בלונדון,synagogue
רב הקהילה בפריז,synagogue
גבאי בית הכנסת,synagogue
בימה גדולה בבית הכנסת,synagogue
ספר תורה בבית הכנסת,synagogue
קהילה יהודית בברלין,synagogue
בית כנסת קהילתי בניו יורק,synagogue
הרב של בית הכנסת בוינה,synagogue
Jewish community center london,synagogue
shul with rabbi in new york,synagogue
orthodox shul amsterdam,synagogue
chabad house in bangkok,synagogue
Jewish community paris,synagogue
main synagogue in berlin,synagogue
historic synagogue in budapest,synagogue
great synagogue in rome,synagogue
בית כנסת היסטורי בפראג,synagogue
מרכז קהילתי יהודי,synagogue
בית הכנסת הגדול בעיר,synagogue
בית כנסת עם חזן,synagogue
קהל ישראל בפריז,synagogue
בית כנסת ותיק,synagogue
האם יש קהילה יהודית כאן,synagogue
בית כנסת מרכזי בעיר,synagogue
עשרה אנשים למניין שחרית,minyan
מניין לקדיש בבוקר,minyan
צריך עשרה לתפילה ציבורית,minyan
מניין מנחה בשעה חמש,minyan
מניין מעריב הערב,minyan
חזרת הש"ץ במניין,minyan
מוסף בשבת עם מניין,minyan
מניין לאמירת קדיש יתום,minyan
מחפש עשרה לתפילה,minyan
צריך מניין לבר מצווה מחר,minyan
morning minyan at seven am,minyan
need ten men for minyan,minyan
minyan for kaddish tomorrow,minyan
shacharit minyan early morning,minyan
mincha minyan at five pm,minyan
maariv minyan tonight,minyan
looking for weekday minyan,minyan
shabbat morning minyan time,minyan
where is the earliest minyan,minyan
daily minyan near hotel,minyan
מניין יום חול בבוקר,minyan
תפילה ציבורית עם מניין,minyan
מחפש מניין לשחרית מוקדם,minyan
מניין לערבית הלילה,minyan
מניין ביום כיפור,minyan
לינה אצל משפחה יהודית בשבת,hosting
מחפש חדר לשבת בלונדון,hosting
צריך מקום לישון בשבת בפריז,hosting
להתארח אצל משפחה לשבת,hosting
מארח אורחים לשבת בניו יורק,hosting
סעודת שבת אצל משפחה,hosting
הוזמנתי לשבת אצל חברים,hosting
מחפש אירוח חינם לשבת,hosting
שולחן שבת אצל מארח,hosting
לינה כשרה לשבת בברלין,hosting
looking for a place to sleep shabbat,hosting
host family for jewish traveler,hosting
need accommodation for shabbat,hosting
shabbat meal invitation in paris,hosting
staying with jewish family london,hosting
free shabbat hosting new york,hosting
shabbat table with family,hosting
guest for shabbat dinner,hosting
hosting jewish travelers for shabbat,hosting
overnight stay for shabbat,hosting
מחפש מישהו שיארח אותי לשבת,hosting
אורח לשבת בפריז,hosting
צריך לינה כשרה בחופשה,hosting
מחפש אירוח לחג ראש השנה,hosting
מישהו שיכול לארח משפחה לשבת,hosting
kosher burger in london,restaurant
kosher burger in paris,restaurant
kosher burger in tokyo,restaurant
kosher burger in berlin,restaurant
kosher grill in new york,restaurant
kosher steak in miami,restaurant
kosher schnitzel in amsterdam,restaurant
kosher hot dog in chicago,restaurant
kosher sandwich in london,restaurant
kosher wrap in paris,restaurant
where can i pray in berlin,synagogue
where to pray in london,synagogue
place to pray in paris,synagogue
i want to pray in new york,synagogue
looking for a place to pray,synagogue
where to pray on shabbat,synagogue
need a place to pray nearby,synagogue
can i pray here,synagogue
where do jews pray in tokyo,synagogue
find a place to pray,synagogue
אני מחפש אירוח לשבת שלום,hosting
אירוח לשבת שלום בלונדון,hosting
שבת שלום אצל משפחה,hosting
מחפש אירוח לשבת שלום,hosting
להתארח לשבת שלום,hosting
אירוח לשבת שלום בפריז,hosting
מישהו שיארח לשבת שלום,hosting
שבת שלום עם משפחה יהודית,hosting
אירוח שבת שלום בניו יורק,hosting
מחפש לינה לשבת שלום,hosting
